{
  "timestamp": "2025-08-12T16:26:48.373197",
  "overall_stats": {
    "total_executions": 200,
    "success_rate": 0.965,
    "alerts_triggered": 2
  },
  "algorithm_results": [
    {
      "name": "Quantum_Time_Series",
      "executions": 50,
      "successes": 49,
      "failures": 1,
      "quantum_advantages": [
        2.0844976638301933,
        1.9210800072736847,
        2.9224833501268024,
        3.0809623101057264,
        2.9424498035644016,
        3.0870803272775436,
        2.467612084827917,
        3.8205680744757213,
        3.5212641131952322,
        2.640650397317526,
        2.904041192725441,
        3.7770257148213764,
        2.3956359688132993,
        2.548128243186473,
        2.729794859906737,
        2.1868525915661063,
        2.7613765949269156,
        2.808917054217132,
        2.407363423502178,
        3.060249561938917,
        2.2975737342182825,
        2.0919516213246556,
        3.160936260609434,
        2.564448559247279,
        2.4951133116097814,
        3.1849125518468546,
        2.9179932390665866,
        2.8696937221570558,
        2.8716327025122843,
        2.7027391133327527,
        3.6216691349204693,
        2.449231609686891,
        3.100819651370623,
        2.8365024988452046,
        2.7687226909948635,
        2.550320429049294,
        3.058902207692392,
        3.029324205092293,
        2.5604668048587538,
        2.7175389880755043,
        2.900968192916515,
        2.948291213244321,
        3.581782416823323,
        2.88350284355464,
        3.5761374306709492,
        2.1517809960188155,
        2.993684197934911,
        2.702711553589756,
        2.4508104012389613
      ],
      "fidelities": [
        0.935738906717735,
        0.9479582421656182,
        0.8053224142852278,
        0.9210017360168565,
        0.8340782133402762,
        0.9320403010959113,
        1,
        1,
        0.890546828368841,
        0.9380045831486534,
        0.9420030961328227,
        0.8920653139570552,
        0.8428754018331388,
        0.910378621188005,
        0.9407490630281561,
        0.9092265082222971,
        0.9496525244003897,
        0.9627273103732882,
        0.9522366044764241,
        0.9072064088559088,
        0.9365254837311996,
        0.9410345845782726,
        0.9749865667953685,
        0.9075989863937552,
        0.8885896620029162,
        0.9352536430638553,
        0.9106047000881636,
        0.9116385568354805,
        0.9482170147044008,
        0.973678785913354,
        0.9188357415436389,
        0.905982089022164,
        0.9800387985065492,
        0.8431783764069986,
        0.8873833179301144,
        1,
        0.9007322809101229,
        1,
        0.9742700384911978,
        0.8975952674527868,
        0.9251621876263328,
        0.9839901921343186,
        1,
        0.9032852257458402,
        0.9785391853933256,
        0.9938245374363978,
        0.9529583250330057,
        0.9106739974666168,
        0.8657074164874129
      ],
      "execution_times": [
        498.1543480992901,
        524.7912455477649,
        682.2550066210044,
        604.4680391389599,
        416.17678139921134,
        403.4755796502895,
        803.2502086347527,
        553.5725956090378,
        480.0070989261262,
        369.59673008280816,
        411.86286848191554,
        611.0874669647599,
        579.1935692446079,
        324.2701441617632,
        511.6230555778631,
        703.438028217624,
        577.0501190617452,
        593.0969565310147,
        570.276472759598,
        583.4462999345984,
        504.0419798001946,
        306.25941873360136,
        514.5321719545527,
        514.7626463144899,
        476.66275130795316,
        294.62673851532446,
        403.30041734613116,
        496.44889289227234,
        596.1990046963865,
        453.07632191688896,
        464.1453349240663,
        691.2575215068885,
        570.1423758785089,
        146.66775875227484,
        601.1723031728221,
        542.3307591143533,
        401.682815275651,
        448.20813674210797,
        723.0303337158555,
        351.4710934901014,
        611.9611937841282,
        434.5459852107782,
        665.7880347774307,
        817.8964575811829,
        537.9481562630609,
        243.85379763629922,
        576.5120269940314,
        675.9271887313166,
        507.41850607937045
      ]
    },
    {
      "name": "Quantum_Risk_Prediction",
      "executions": 50,
      "successes": 49,
      "failures": 1,
      "quantum_advantages": [
        3.013961733892757,
        3.6417110424525383,
        2.986813263133741,
        3.5255233349547788,
        4.177914919317129,
        3.9021746833039455,
        3.2556404497988916,
        4.39162527166334,
        2.852974389887696,
        3.293376579823107,
        3.008082516074113,
        3.571191127599222,
        3.627474176267032,
        3.6633511203749096,
        3.1682737266270102,
        3.3225413472922596,
        3.461003836784389,
        3.334455380018128,
        3.1349588635154477,
        4.1554046865675005,
        3.4739608824151826,
        3.4440852642990523,
        2.848658323296095,
        4.129936607981305,
        3.2332376223099564,
        3.4396553175840436,
        3.433626887197099,
        2.8446421627543756,
        2.734474593608907,
        2.8059180294599884,
        2.8799804391897745,
        3.58552813024559,
        3.7091119235307004,
        3.2265000735997904,
        2.652554240595857,
        3.1259048079007465,
        3.020934968416447,
        3.496179997803848,
        3.654911909847531,
        2.6508179561079768,
        3.356670798534948,
        3.4478465195123675,
        3.0740761630995324,
        3.206689657683289,
        2.4524164106546635,
        3.339413554415173,
        2.8168583012573514,
        2.71691622474218,
        2.6387347631961156
      ],
      "fidelities": [
        0.9009765932750983,
        0.8599984273549125,
        0.8442564242725942,
        0.9517849485974091,
        0.7475242552817212,
        0.9160781064002308,
        0.8438386275703725,
        0.7727191402590285,
        0.8530195039902962,
        0.8885111527103157,
        0.9154597510858368,
        0.9674341444923059,
        0.8864836539766958,
        0.8399679678558929,
        0.8632493307699688,
        0.8851756677689522,
        0.7728659691630091,
        0.8056920447252812,
        0.9581978282644072,
        0.8623027961882589,
        0.8625438150167408,
        0.909254519183068,
        0.961854377028716,
        0.8780028538497546,
        0.9213419492466899,
        0.9013450769239321,
        0.9696756871947051,
        0.8209176634582455,
        0.8617180769606498,
        0.8544025448405643,
        0.9755166710505015,
        0.8199471563730664,
        0.859825560080148,
        0.9347599633083893,
        0.9611959154628694,
        0.9165903521808729,
        0.8096911571326642,
        0.7786929180014105,
        0.9154933282360126,
        0.8732529103064385,
        0.8717422594400835,
        0.9255956650221058,
        0.8916751517789019,
        0.8305406805345616,
        0.9097447945764339,
        0.8798599737844242,
        0.8742600253053527,
        0.8957679326798337,
        0.8782135194593507
      ],