{
  "timestamp": "2025-08-07T14:37:27.457630",
  "overall_stats": {
    "total_executions": 200,
    "success_rate": 0.93,
    "alerts_triggered": 1
  },
  "algorithm_results": [
    {
      "name": "Quantum_Time_Series",
      "executions": 50,
      "successes": 44,
      "failures": 6,
      "quantum_advantages": [
        3.030477823124163,
        2.8463507539358437,
        2.784193167915921,
        2.9972292446863964,
        2.1491265917934497,
        3.0499750623669515,
        3.584059864053797,
        3.0388941501517723,
        2.7121149801120294,
        3.2455577405752782,
        2.9231410515741763,
        2.1420290112939457,
        3.253677367636621,
        2.8206145584174105,
        2.851329081508635,
        2.354555676277817,
        3.264278862870246,
        2.425879751892503,
        2.1229100953279256,
        2.899920914992151,
        2.557710957381305,
        2.737400450802815,
        2.7731225114086926,
        2.59000616026094,
        2.926726688749734,
        2.8639013832760902,
        2.0947535871838525,
        2.7931703911299515,
        3.1356886675724303,
        3.207233980835751,
        2.8221198780466814,
        3.3209293669104794,
        2.7957336925132084,
        2.486361992788828,
        2.3082138676985116,
        3.386580238558342,
        3.1823050440139036,
        3.377019083322878,
        2.52515631676886,
        3.0954164697817386,
        2.714759596992478,
        3.050009247345323,
        2.602506044646369,
        3.0006808949163886
      ],
      "fidelities": [
        0.9560064078883163,
        0.9032133715185566,
        0.8674291368807038,
        0.9285120072889689,
        0.928164008200597,
        0.9365224373253687,
        0.9208648961279098,
        1,
        0.8912749469680774,
        1,
        0.8306559846123168,
        0.93661008874198,
        0.9125787055764124,
        0.9176004835005555,
        0.9194685946055654,
        0.989632715306809,
        0.9440241517646392,
        0.9599804114485976,
        1,
        0.955242984270829,
        0.8980821242382044,
        0.8696163002121995,
        1,
        0.8575737810405606,
        0.9471936995613096,
        0.957040826721247,
        0.9572324738219454,
        0.8945595863747857,
        0.8867830492708808,
        0.872093579828835,
        0.9773490187609514,
        0.9076831613770826,
        0.9522638494947291,
        1,
        0.9385267679957285,
        0.9400714582112839,
        0.9593970155103633,
        0.9444867955955465,
        0.8446658269331816,
        0.8652904582259423,
        0.8779018445870894,
        0.93360502159742,
        0.8361732155799456,
        0.9575554088682539
      ],
      "execution_times": [
        457.5202141087845,
        685.0041392291079,
        520.5609866121148,
        288.81643097223684,
        777.2253888770759,
        217.91328870904147,
        707.4573141316929,
        536.9669499461962,
        545.2888671579223,
        506.3994025302735,
        407.14682926077563,
        351.55801074228316,
        598.2703575235038,
        535.241436276962,
        834.5741165084278,
        426.8913030476458,
        471.3867806875069,
        770.223162581827,
        326.7495628706216,
        274.1589737952264,
        660.0133046752011,
        601.6819952285913,
        455.7840682780697,
        310.7376318777453,
        355.32707764318104,
        877.7392878148445,
        801.349464749117,
        392.1485016918774,
        480.19672008975243,
        893.1214518090991,
        370.20004408781716,
        387.48672013740924,
        551.1319097209357,
        544.2036356828555,
        495.14220501410847,
        738.1553476959767,
        742.3203399360334,
        618.7681070611957,
        311.481776224432,
        321.3169020520423,
        723.0129221341429,
        363.54300316597113,
        346.2283011908812,
        443.6732551760248
      ]
    },
    {
      "name": "Quantum_Risk_Prediction",
      "executions": 50,
      "successes": 49,
      "failures": 1,
      "quantum_advantages": [
        3.258277917096471,
        2.8481434777673513,
        3.3636481957446973,
        3.1339591023563407,
        2.9078286724093116,
        3.423956014157888,
        2.608518123664763,
        2.655407246260793,
        2.7438185580445604,
        3.0979421226733557,
        3.253037383043036,
        2.4145799873069675,
        3.5761904599185703,
        3.120782387447562,
        2.9652035234296457,
        3.3702235522347177,
        3.1126220913283986,
        2.2948373550575525,
        2.952614162109717,
        3.511984032720768,
        3.3698373556197545,
        3.226211095974253,
        3.10574535745294,
        3.411092731613054,
        3.3693780020823616,
        3.527564194189845,
        3.4356445935050988,
        3.592317328749258,
        3.125669148911637,
        3.2686456666985286,
        3.1590657003753195,
        3.6435692825252106,
        3.469662065467139,
        2.9950906564630326,
        2.7331993415299136,
        3.113668030890574,
        2.9703949698837744,
        3.3650381412466146,
        3.1855762298383503,
        3.460452225839097,
        2.524680774003277,
        3.294666196679459,
        2.3240022269861638,
        3.822169076411458,
        2.7048771418979727,
        3.080433695556744,
        3.061450034837559,
        3.2648374880105475,
        3.0737864551841154
      ],
      "fidelities": [
        0.9308862953442113,
        0.892707353668872,
        0.9457366651856968,
        0.9322298125160733,
        0.8853432617038752,
        0.9168641550335137,
        0.8296983981404902,
        0.9245053209298932,
        0.9146455529632185,
        0.9222494478379392,
        0.915575534210075,
        0.8443686829370938,
        0.943919800912477,
        0.9439464287868349,
        0.8295238524181681,
        0.861071607060026,
        0.8188526805486037,
        0.9334554599100007,
        0.8856118370493886,
        0.7931669696468795,
        0.8352449716516607,
        0.9387687452673564,
        0.8477136530134176,
        0.8934901703468839,
        0.8851283473364834,
        0.9694756437490515,
        0.7809709205775948,
        0.8264808051504322,
        0.8745836685258176,
        0.8944153429547846,
        0.8832431164657247,
        0.8621428368485241,
        0.8856377433694764,
        0.8851026289988015,
        0.8833259147716906,
        0.8682294013830381,
        0.937977572389392,
        0.8213768638200638,
        0.8670932002212912,
        0.8922945718695503,
        0.8757623188919275,
        0.780489381795875,
        0.9285676862134694,
        0.8696881858632958,
        0.9100705892026284,
        0.8696234876057509,
        0.9701834575869512,
        0.9212165817426261,
        0.7873831199846166
      ],